{
  "type": "minecraft:multi_action",
  "title": "Vanllia Item + 设置",
  "external_title": "vm-1",
  "pause": false,
  "body": [
    {
      "type": "minecraft:item",
      "item": {
        "id": "oak_log"
      },
      "description": {
        "contents": "以下是所有属于vm-1的设置项"
      },
      "show_decorations": false,
      "show_tooltip": false
    },
    {
      "type": "minecraft:plain_message",
      "contents": [
        ""
      ]
    }
  ],
  "can_close_with_escape": true,
  "exit_action": {
    "label": "<--返回",
    "action": {
      "type": "show_dialog",
     "dialog": "vanllia_item_plus:options_main"
    }
  },
  "columns": 2,
  "actions": [
    {
      "label": "option1:",
      "action": {
        "type": "run_command",
        "command": "You shouldn't be here, cancel this message."
      }
    }
  ]
}