{
  "type": "minecraft:multi_action",
  "title": "Vanllia Item + 设置",
  "external_title": "Vanllia Item + 设置",
  "pause": false,
  "body": [
    {
      "type": "minecraft:plain_message",
      "contents": "主页面\n请选择设置项分类"
    }
  ],
  "can_close_with_escape": true,
  "columns": 2,
  "actions": [
    {
      "label": "vm-1",
      "tooltip": "点击浏览分类为vm-1的设置项",
      "action": {
        "type": "run_command",
        "command": "function vanllia_item_plus:dialog/options_vm1"
      }
    },
    {
      "label": [
        "vm-2"
      ],
      "tooltip": "点击浏览分类为vm-2的设置项",
      "action": {
        "type": "run_command",
        "command": "function vanllia_item_plus:dialog/options_vm2"
      }
    },
    {
      "label": [
        "vm-3"
      ],
      "tooltip": "点击浏览分类为vm-3的设置项",
      "action": {
        "type": "run_command",
        "command": "function vanllia_item_plus:dialog/options_vm3"
      }
    }
  ],
  "exit_action": {
    "label": "<--返回",
    "action": {
      "type": "show_dialog",
      "dialog": "vanllia_item_plus:welcome_page"
    }
  }
}