{
  "type": "minecraft:multi_action",
  "title": "Vanllia Item + 设置",
  "external_title": "vm-2",
  "pause": false,
  "body": [
    {
      "type": "minecraft:item",
      "item": {
        "id": "minecraft:purpur_block"
      },
      "description": {
        "contents": "以下是所有属于vm-2的设置项"
      },
      "show_decorations": false,
      "show_tooltip": false
    }
  ],
  "can_close_with_escape": true,
    "exit_action": {
    "label": "<--返回",
    "action": {
      "type": "show_dialog",
     "dialog": "vanllia_item_plus:options_main"
    }
  },
  "actions": [
    {
      "label": [
        "option:"
      ],
      "action": {
        "type": "run_command",
        "command": "You shouldn't be here, cancel this massage."
      }
    }
  ]
}